App,Polarity,Subjectivity,Sentiment
10 Best Foods for You,0.47,0.5,Positive
104 ÊâæÂ∑•‰Ωú - ÊâæÂ∑•‰Ωú ÊâæÊâìÂ∑• ÊâæÂÖºËÅ∑ Â±•Ê≠∑ÂÅ•Ê™¢ Â±•Ê≠∑Ë®∫ÁôÇÂÆ§,0.39,0.55,Positive
11st,0.19,0.46,Positive
1800 Contacts - Lens Store,0.32,0.59,Positive
1LINE ‚Äì One Line with One Touch,0.2,0.56,Positive
2018Emoji Keyboard üòÇ Emoticons Lite -sticker&gif,0.45,0.52,Positive
21-Day Meditation Experience,0.26,0.55,Positive
"2Date Dating App, Love and matching",0.28,0.56,Positive
2GIS: directory & navigator,0.22,0.4,Positive
2RedBeans,0.41,0.6,Positive
2ndLine - Second Phone Number,0.17,0.38,Positive
30 Day Fitness Challenge - Workout at Home,0.33,0.56,Positive
365Scores - Live Scores,0.44,0.64,Positive
3D Live Neon Weed Launcher,0.57,0.4,Positive
4 in a Row,0.28,0.58,Positive
4K Wallpapers and Ultra HD Backgrounds,0.18,0.59,Positive
591ÊàøÂ±ã‰∫§Êòì-ÁßüÂ±ã„ÄÅ‰∏≠Âè§Â±ã„ÄÅÊñ∞Âª∫Ê°à„ÄÅÂØ¶ÂÉπÁôªÈåÑ„ÄÅÂà•Â¢ÖÈÄèÂ§©„ÄÅÂÖ¨ÂØìÂ•óÊàø„ÄÅÊç∑ÈÅã„ÄÅË≤∑ÊàøË≥£ÊàøË°åÊÉÖ„ÄÅÊàøÂÉπÊàøË≤∏Êü•Ë©¢,0.08,0.32,Positive
591ÊàøÂ±ã‰∫§Êòì-È¶ôÊ∏Ø,0.22,0.31,Positive
7 Cups: Anxiety & Stress Chat,0.32,0.57,Positive
7 Day Food Journal Challenge,0.19,0.6,Positive
7 Minute Workout,0.41,0.62,Positive
7 Weeks - Habit & Goal Tracker,0.14,0.5,Positive
8 Ball Pool,0.0,0.49,Neutral
850 Sports News Digest,0.54,0.69,Positive
8fit Workouts & Meal Planner,0.26,0.53,Positive
95Live -SG#1 Live Streaming App,0.07,0.46,Positive
A Call From Santa Claus!,0.01,0.66,Positive
A Word A Day,0.28,0.67,Positive
A&E - Watch Full Episodes of TV Shows,0.35,0.5,Positive
A+ Gallery - Photos & Videos,0.21,0.4,Positive
A+ Mobile,0.33,0.52,Positive
ABC Kids - Tracing & Phonics,0.37,0.51,Positive
ABC News - US & World News,-0.04,0.41,Negative
ABC Preschool Free,0.22,0.42,Positive
ABCmouse.com,0.18,0.52,Positive
AC - Tips & News for Android‚Ñ¢,0.1,0.48,Positive
ACE Elite,0.25,0.44,Positive
"AD - Nieuws, Sport, Regio & Entertainment",0.16,0.47,Positive
AMC Theatres,0.14,0.58,Positive
ANA,-0.03,0.3,Negative
"AOL - News, Mail & Video",0.09,0.4,Positive
AP Mobile - Breaking News,0.2,0.47,Positive
APE Weather ( Live Forecast),0.43,0.51,Positive
"APUS Launcher - Theme, Wallpaper, Hide Apps",0.45,0.52,Positive
ARY NEWS,0.23,0.44,Positive
ARY NEWS URDU,0.24,0.52,Positive
ASOS,0.32,0.59,Positive
ASUS Calling Screen,0.06,0.42,Positive
ASUS Cover for ZenFone 2,0.08,0.44,Positive
ASUS Quick Memo,0.03,0.33,Positive
ASUS Sound Recorder,0.52,0.6,Positive
ASUS SuperNote,0.19,0.48,Positive
"AT&T Navigator: Maps, Traffic",0.07,0.41,Positive
AT&T Smart Wi-Fi,0.19,0.43,Positive
AT&T Visual Voicemail,0.03,0.45,Positive
"AVG Cleaner ‚Äì Speed, Battery & Memory Booster",0.27,0.58,Positive
Abs Training-Burn belly fat,0.22,0.45,Positive
Account Manager,-0.09,0.46,Negative
Accounting App - Zoho Books,0.45,0.52,Positive
AccuWeather: Daily Forecast & Live Weather Reports,0.2,0.49,Positive
Acorn TV: World-class TV from Britain and Beyond,0.09,0.51,Positive
Acorns - Invest Spare Change,0.05,0.2,Positive
AdWords Express,0.19,0.27,Positive
Ada - Your Health Guide,0.3,0.56,Positive
Add Text To Photo,0.23,0.4,Positive
Adobe Acrobat Reader,0.16,0.49,Positive
Adobe Photoshop Express:Photo Editor Collage Maker,0.19,0.49,Positive
Advanced Task Killer,0.14,0.44,Positive
Agar.io,-0.06,0.46,Negative
Age Calculator,0.13,0.6,Positive
Agoda ‚Äì Hotel Booking Deals,0.48,0.6,Positive
Air Traffic,0.29,0.49,Positive
AirAsia,-0.1,0.43,Negative
AirBrush: Easy Photo Editor,0.35,0.47,Positive
Airbnb,0.11,0.49,Positive
Airport + Flight Tracker Radar,0.09,0.42,Positive
Airway Ex - Intubate. Anesthetize. Train.,0.22,0.49,Positive
Akinator,-0.01,0.5,Negative
AlReader -any text book reader,0.25,0.41,Positive
Alarm Clock,0.17,0.37,Positive
Alarm Clock Free,0.16,0.36,Positive
Alfred Home Security Camera,0.34,0.48,Positive
"AliExpress - Smarter Shopping, Better Living",0.04,0.62,Positive
All Email Providers,0.22,0.61,Positive
All Events in City,0.5,0.56,Positive
All Football - Latest News & Videos,0.43,0.51,Positive
"All Football GO- Live Score, Games",0.53,0.51,Positive
All Language Translator Free,0.39,0.56,Positive
All Maths Formulas,0.35,0.42,Positive
All Mental disorders,0.2,0.42,Positive
All Social Networks,-0.11,0.51,Negative
All Video Downloader 2018,0.38,0.54,Positive
"All-In-One Toolbox: Cleaner, Booster, App Manager",0.27,0.55,Positive
All-in-One Mahjong 3 FREE,0.5,0.6,Positive
Allegiant,0.23,0.23,Positive
Allrecipes Dinner Spinner,0.27,0.58,Positive
Alto's Adventure,0.04,0.53,Positive
Amazon Drive,0.13,0.47,Positive
"Amazon FreeTime ‚Äì Kids‚Äô Videos, Books, & TV shows",0.34,0.51,Positive
Amazon Kindle,0.07,0.46,Positive
Amazon Prime Video,0.46,0.56,Positive
Amazon Shopping,0.18,0.46,Positive
Amazon for Tablets,0.1,0.37,Positive
American Airlines,-0.08,0.48,Negative
Amex Mobile,0.18,0.42,Positive
Amino: Communities and Chats,0.05,0.54,Positive
Amtrak,-0.03,0.37,Negative
Anatomy Learning - 3D Atlas,0.23,0.49,Positive
Ancestry,0.27,0.52,Positive
AndroZip‚Ñ¢ FREE File Manager,0.12,0.39,Positive
"Android Auto - Maps, Media, Messaging & Voice",0.29,0.54,Positive
Android Messages,0.07,0.51,Positive
Anger of stick 5 : zombie,0.12,0.5,Positive
Angry Birds 2,0.0,0.5,Neutral
Angry Birds Classic,-0.01,0.53,Negative
Angry Birds Rio,-0.04,0.47,Negative
Animal Planet GO,0.27,0.45,Positive
Animated Photo Editor,0.29,0.55,Positive
Anime Avatar Creator: Make Your Own Avatar,0.2,0.59,Positive
Anime Manga Coloring Book,0.36,0.51,Positive
Anthem Anywhere,-0.09,0.39,Negative
Anthem BC Anywhere,-0.12,0.37,Negative
"Any.do: To-do list, Calendar, Reminders & Planner",0.22,0.45,Positive
Apartment Decorating Ideas,0.24,0.2,Positive
"Apartment List: Housing, Apt, and Property Rentals",0.47,0.58,Positive
"Apartment, Home Rental Search: Realtor.com Rentals",-0.0,0.48,Neutral
Apartments & Rentals - Zillow,0.29,0.46,Positive
Apartments.com Rental Search,0.07,0.41,Positive
Apex Launcher,0.11,0.47,Positive
Apk Installer,0.19,0.49,Positive
App vault,-0.04,0.48,Negative
AppLock,0.02,0.5,Positive
AppLock - Fingerprint,0.21,0.56,Positive
Apple Daily ËòãÊûúÂãïÊñ∞ËÅû,0.08,0.33,Positive
Aprender ingl√©s con Wlingua,0.4,0.56,Positive
Archos File Manager,0.12,0.49,Positive
Arrow.io,0.08,0.46,Positive
Asana: organize team projects,0.23,0.52,Positive
Ascape VR: 360¬∞ Virtual Travel,0.15,0.5,Positive
Asphalt 8: Airborne,0.0,0.51,Neutral
Associated Credit Union Mobile,0.39,0.56,Positive
Asteroids 3D live wallpaper,0.25,0.48,Positive
Atlan3D Navigation: Korea navigator,0.28,0.4,Positive
AutoCAD - DWG Viewer & Editor,0.12,0.49,Positive
AutoScout24 Switzerland ‚Äì Find your new car,0.42,0.56,Positive
Avakin Life - 3D virtual world,0.08,0.51,Positive
Aviary Effects: Classic,0.11,0.54,Positive
Aviary Stickers: Free Pack,0.07,0.67,Positive
Azar,0.07,0.48,Positive
Azpen eReader,0.24,0.6,Positive
B612 - Beauty & Filter Camera,0.08,0.53,Positive
BBC Media Player,-0.03,0.44,Negative
BBC News,0.1,0.39,Positive
BBC Sport,0.17,0.42,Positive
BBM - Free Calls & Messages,0.15,0.46,Positive
BBVA Compass Banking,0.21,0.48,Positive
BBVA Spain,0.52,0.59,Positive
BBW Dating & Curvy Singles Chat- LargeFriends,0.18,0.46,Positive
BBW Dating & Plus Size Chat,0.13,0.49,Positive
BBWCupid - BBW Dating App,0.13,0.47,Positive
BELONG Beating Cancer Together,0.35,0.41,Positive
BEST CAR SOUNDS,0.31,0.53,Positive
BET NOW - Watch Shows,0.05,0.41,Positive
BEYBLADE BURST app,-0.01,0.47,Negative
BIG Launcher,0.18,0.41,Positive
BLK - Swipe. Match. Chat.,0.31,0.55,Positive
BZWBK24 mobile,0.33,0.55,Positive
BaBe - Baca Berita,0.19,0.41,Positive
BaBe Lite - Baca Berita Hemat Kuota,0.31,0.43,Positive
BaBe+ - Berita Indonesia,0.37,0.45,Positive
Babbel ‚Äì Learn Languages,0.39,0.5,Positive
Babbel ‚Äì Learn Spanish,0.31,0.54,Positive
Baby ABC in box! Kids alphabet games for toddlers!,0.29,0.49,Positive
Baby Monitor,0.27,0.49,Positive
Baby Name Together,0.29,0.5,Positive
Baby Panda Care,0.17,0.54,Positive
Baby Panda Learns Shapes,0.25,0.36,Positive
Baby Panda Musical Genius,0.23,0.49,Positive
Baby Panda‚Äôs Juice Shop,0.11,0.49,Positive
Baby Tiger Care - My Cute Virtual Pet Friend,0.2,0.36,Positive
Baby puzzles,0.08,0.51,Positive
"Baca- Berita Terbaru, Informasi, Gosip dan Politik",0.24,0.48,Positive
Backgrounds (HD Wallpapers),0.26,0.6,Positive
Backgrounds HD (Wallpapers),0.35,0.52,Positive
BaconReader for Reddit,0.23,0.47,Positive
Bad Piggies,0.01,0.54,Positive
Badoo - Free Chat & Dating App,0.13,0.42,Positive
Bagan - Myanmar Keyboard,0.29,0.42,Positive
Banco Ita√∫,0.08,0.36,Positive
Banco do Brasil,0.22,0.48,Positive
Bancomer m√≥vil,-0.07,0.31,Negative
Banfield Pet Health Tracker,0.08,0.5,Positive
Bangla Newspaper ‚Äì Prothom Alo,0.17,0.44,Positive
Banjo,0.23,0.46,Positive
Bank of America Mobile Banking,0.18,0.49,Positive
BankMobile Vibe App,0.35,0.56,Positive
Banorte Movil,0.12,0.57,Positive
Banque Populaire,0.03,0.33,Positive
Barbie Life‚Ñ¢,0.16,0.39,Positive
Barbie Magical Fashion,0.08,0.58,Positive
Barbie‚Ñ¢ Fashion Closet,0.05,0.48,Positive
Barclays US for Android,0.02,0.41,Positive
Barcode Scanner,0.39,0.48,Positive
Baritastic - Bariatric Tracker,0.42,0.57,Positive
Baseball Boy!,0.01,0.47,Positive
Basketball FRVR - Shoot the Hoop and Slam Dunk!,0.1,0.46,Positive
Basketball Stars,0.01,0.49,Positive
Bathroom Decorating Ideas,0.36,0.51,Positive
Battlelands Royale,0.04,0.51,Positive
Be A Legend: Soccer,-0.1,0.47,Negative
BeSoccer - Soccer Live Score,0.36,0.4,Positive
BeWild Free Dating & Chat App,0.17,0.52,Positive
Beautiful Design Birthday Cake,0.27,0.52,Positive
Beautiful Widgets Free,0.01,0.52,Positive
Beautiful Widgets Pro,0.18,0.5,Positive
Beauty Camera - Selfie Camera,0.2,0.45,Positive
Beauty Makeup Snappy Collage Photo Editor - Lidow,0.15,0.48,Positive
BeautyPlus - Easy Photo Editor & Selfie Camera,0.3,0.3,Positive
Bed Time Fan - White Noise Sleep Sounds,0.78,0.6,Positive
Best Car Wallpapers,-0.13,0.49,Negative
Best Fiends - Free Puzzle Game,0.32,0.54,Positive
Best Ovulation Tracker Fertility Calendar App Glow,0.6,0.54,Positive
"Best Wallpapers Backgrounds(100,000+ 4K HD)",0.3,0.39,Positive
Best Wallpapers QHD,0.47,0.62,Positive
"BestCam Selfie-selfie, beauty camera, photo editor",-0.04,0.42,Negative
BetterMe: Weight Loss Workouts,0.29,0.5,Positive
Betterment,0.14,0.51,Positive
BeyondMenu Food Delivery,0.41,0.62,Positive
BeyondPod Podcast Manager,0.11,0.55,Positive
Bible,0.36,0.53,Positive
Big Days - Events Countdown,0.29,0.5,Positive
"BigOven Recipes, Meal Planner, Grocery List & More",0.33,0.5,Positive
"BiggerCity: Chat for gay bears, chubs & chasers",0.21,0.58,Positive
Bike Computer - GPS Cycling Tracker,0.28,0.48,Positive
Binaural Beats Meditation,0.35,0.56,Positive
Binaural Beats Therapy,0.28,0.46,Positive
BioLife Plasma Services,0.15,0.46,Positive
Birdays ‚Äì Birthday reminder,0.36,0.56,Positive
Birds Sounds Ringtones & Wallpapers,0.35,0.42,Positive
Black People Meet Singles Date,0.25,0.51,Positive
Block Puzzle,0.04,0.54,Positive
Block Puzzle Classic Legend !,0.15,0.54,Positive
Blogaway for Android (Blogger),0.2,0.36,Positive
Blogger,0.13,0.52,Positive
Bloglovin',0.13,0.47,Positive
Blood Donor,0.21,0.36,Positive
Blood Pressure,0.44,0.59,Positive
Blood Pressure Log - MyDiary,0.33,0.59,Positive
Blood Pressure(BP) Diary,0.09,0.36,Positive
Bloomberg Professional,-0.02,0.36,Negative
Bloomberg: Market & Financial News,0.05,0.34,Positive
Blossom Blast Saga,0.01,0.51,Positive
BluTV,0.28,0.42,Positive
Blur Image Background,0.37,0.64,Positive
Blur Image Background Editor (Blur Photo Editor),0.23,0.53,Positive
Booking.com Travel Deals,0.01,0.4,Positive
Bowmasters,0.06,0.5,Positive
Box,0.41,0.44,Positive
Boxed Wholesale,0.29,0.49,Positive
Boys Photo Editor - Six Pack & Men's Suit,0.28,0.48,Positive
Brain Waves - Binaural Beats,0.22,0.54,Positive
Branch,0.26,0.44,Positive
Brasileir√£o Pro 2018 - S√©rie A e B,0.55,0.54,Positive
"Breaking News, Local news, Attacks and Alerts Free",0.22,0.38,Positive
Brightest Flashlight Free ¬Æ,0.49,0.52,Positive
Brightest LED Flashlight,0.37,0.62,Positive
Brilliant,0.24,0.49,Positive
Brit + Co,0.12,0.52,Positive
British Airways,0.21,0.4,Positive
Browser 4G,0.34,0.44,Positive
Bualuang mBanking,0.0,0.35,Neutral
Bubble Shooter,0.25,0.52,Positive
Bubble Shooter 2,0.28,0.52,Positive
Bubble Shooter Genies,0.05,0.53,Positive
Bubble Shooter Space,0.18,0.5,Positive
Bubble Witch 3 Saga,0.07,0.54,Positive
Buienradar - weer,0.09,0.49,Positive
Build a Bridge!,0.09,0.51,Positive
Bukalapak - Jual Beli Online,0.01,0.42,Positive
BukuBayi - Perkembangan Bayi,0.32,0.47,Positive
Burner - Free Phone Number,0.07,0.64,Positive
Buscap√© - Ofertas e descontos,0.47,0.49,Positive
Business Calendar 2,0.2,0.47,Positive
Butterfly Live Wallpaper,0.39,0.5,Positive
Buzz Launcher-Smart&Free Theme,0.2,0.58,Positive
"BuzzFeed: News, Tasty, Quizzes",0.2,0.47,Positive
"B√ÅO M·ªöI - ƒê·ªçc B√°o, Tin T·ª©c 24h",0.11,0.42,Positive
C Programming,0.28,0.54,Positive
C++ Programming,0.2,0.55,Positive
C++ Tutorials,0.53,0.57,Positive
CAIXA,-0.09,0.47,Negative
CALCU‚Ñ¢ Stylish Calculator Free,0.35,0.45,Positive
CATS: Crash Arena Turbo Stars,0.03,0.5,Positive
CBS News,0.0,0.0,Neutral
"CBS Sports App - Scores, News, Stats & Watch Live",0.16,0.51,Positive
CBS Sports Fantasy,0.25,0.49,Positive
CDL Practice Test 2018 Edition,0.24,0.48,Positive
CIA - Caller ID & Call Blocker,0.22,0.43,Positive
"CM Browser - Ad Blocker , Fast Download , Privacy",0.01,0.69,Positive
"CM Flashlight (Compass, SOS)",0.56,0.59,Positive
"CM Launcher 3D - Theme, Wallpapers, Efficient",0.28,0.59,Positive
CM Locker - Security Lockscreen,0.24,0.48,Positive
CMB Free Dating App,0.29,0.54,Positive
CNBC: Breaking Business News & Live Market Data,0.25,0.47,Positive
CNN Breaking US & World News,0.06,0.51,Positive
COOKING MAMA Let's Cook!,0.22,0.51,Positive
CVS Caremark,0.19,0.43,Positive
CW Seed,0.31,0.52,Positive
CWT To Go,0.29,0.53,Positive
Cache Cleaner-DU Speed Booster (booster & cleaner),0.28,0.46,Positive
Caf - Mon Compte,0.1,0.3,Positive
"Calculator - free calculator, multi calculator app",-0.04,0.15,Negative
Calculator - unit converter,0.18,0.53,Positive
Calculator Plus Free,0.17,0.63,Positive
Calculator with Percent (Free),0.03,0.56,Positive
Calendar Widget Month + Agenda,0.15,0.25,Positive
Calendar+ Schedule Planner App,0.32,0.47,Positive
Call Blocker,0.03,0.66,Positive
Call Control - Call Blocker,-0.04,0.29,Negative
Call of Duty:Black Ops Zombies,-0.16,0.44,Negative
"CallApp: Caller ID, Blocker & Phone Call Recorder",0.39,0.51,Positive
Caller ID +,0.35,0.6,Positive
Calls & Text by Mo+,0.47,0.55,Positive
Calls Blacklist - Call Blocker,0.12,0.62,Positive
"Calm - Meditate, Sleep, Relax",0.29,0.52,Positive
Calorie Counter & Diet Tracker,0.23,0.5,Positive
Calorie Counter - EasyFit free,0.35,0.54,Positive
Calorie Counter - Macros,0.25,0.51,Positive
Calorie Counter - MyFitnessPal,0.22,0.47,Positive
Calorie Counter - MyNetDiary,0.38,0.56,Positive
Cameringo Lite. Filters Camera,0.77,0.53,Positive
Candy Bomb,0.33,0.61,Positive
"Candy Camera - selfie, beauty camera, photo editor",0.2,0.54,Positive
Candy Crush Jelly Saga,-0.09,0.48,Negative
Candy Crush Saga,0.03,0.46,Positive
Candy Crush Soda Saga,-0.06,0.48,Negative
Candy Day,0.19,0.47,Positive
Candy Pop Story,0.04,0.48,Positive
Candy Smash,0.16,0.52,Positive
"Candy selfie - photo editor, live filter camera",0.37,0.48,Positive
"Canva: Poster, banner, card maker & graphic design",0.2,0.54,Positive
Canvas Student,0.13,0.39,Positive
Cat Sim Online: Play with Cats,0.18,0.53,Positive
Caviar - Food Delivery,0.22,0.51,Positive
Chakra Cleansing,0.42,0.57,Positive
Championat,0.2,0.37,Positive
Chapters: Interactive Stories,0.15,0.5,Positive
Chase Mobile,0.05,0.49,Positive
"Chat Rooms, Avatars, Date - Galaxy",0.14,0.42,Positive
ChatVideo Meet new people,0.23,0.39,Positive
Cheap Flights & Hotels momondo,0.18,0.47,Positive
Cheap hotel deals and discounts ‚Äî Hotellook,0.26,0.49,Positive
"CheapTickets ‚Äì Hotels, Flights & Travel Deals",0.29,0.59,Positive
Cheapflights ‚Äì Flight Search,0.42,0.59,Positive
CheckPoints üèÜ Rewards App,0.28,0.52,Positive
Checkers ‚úîÔ∏è,0.06,0.44,Positive
Checkout 51: Grocery coupons,0.13,0.4,Positive
Choice Hotels,0.3,0.72,Positive
Choices: Stories You Play,0.03,0.53,Positive
Christian Dating For Free App,0.1,0.48,Positive
Chrome Beta,0.23,0.38,Positive
Chrome Dev,0.33,0.52,Positive
Cinemark Theatres,0.07,0.4,Positive
Cisco Webex Meetings,0.1,0.46,Positive
Cisco Webex Teams,0.13,0.46,Positive
Citi Mobile¬Æ,-0.04,0.5,Negative
Citibanamex Movil,0.15,0.51,Positive
Citizens Bank Mobile Banking,0.01,0.49,Positive
CityMaps2Go Plan Trips Travel Guide Offline Maps,0.32,0.52,Positive
Claro,-0.07,0.4,Negative
Clash Royale,0.07,0.49,Positive
Clash of Clans,0.04,0.53,Positive
Color Flashlight,0.18,0.53,Positive
Color Road,-0.06,0.45,Negative
Color Touch Effects,0.12,0.45,Positive
Color by Number - Draw Sandbox Pixel Art,0.14,0.47,Positive
Color by Number ‚Äì New Coloring Book,0.17,0.54,Positive
ColorFil - Adult Coloring Book,0.19,0.59,Positive
ColorNote Notepad Notes,0.28,0.51,Positive
ColorSnap¬Æ Visualizer,0.02,0.35,Positive
Colorfit - Drawing & Coloring,0.17,0.57,Positive
Colorful Glitter Neon Butterfly Keyboard Theme,0.21,0.58,Positive
Colorfy: Coloring Book for Adults - Free,0.05,0.6,Positive
Coloring & Learn,0.41,0.61,Positive
Coloring book moana,0.15,0.64,Positive
Comedy Central,0.17,0.35,Positive
Common Core,-0.01,0.46,Negative
Comptia A+ 220-901 & 220-902,0.5,0.56,Positive
ConnectLine,0.14,0.45,Positive
Contacts,0.01,0.47,Positive
Contacts+,0.41,0.45,Positive
Content Transfer,0.16,0.4,Positive
ConvertPad - Unit Converter,0.22,0.49,Positive
Cookbook Recipes,0.57,0.64,Positive
Cooking Channel,0.36,0.53,Positive
Cooking Fever,-0.04,0.48,Negative
Cooking Madness - A Chef's Restaurant Games,0.01,0.52,Positive
Cookpad,0.26,0.55,Positive
Cool Popular Ringtones 2018 üî•,0.2,0.57,Positive
Cool Reader,0.12,0.48,Positive
Couch to 10K Running Trainer,0.34,0.52,Positive
Couch to 5K by RunDouble,0.28,0.49,Positive
Couchsurfing Travel App,0.25,0.53,Positive
Cougar Dating Life : Date Older Women Sugar Mummy,0.32,0.59,Positive
Couple - Relationship App,0.3,0.58,Positive
Credit Karma,0.27,0.52,Positive
Credit Sesame,0.09,0.39,Positive
CreditWise from Capital One,0.24,0.54,Positive
Crew - Free Messaging and Scheduling,0.42,0.6,Positive
Cricbuzz - Live Cricket Scores & News,0.1,0.57,Positive
Cricket Visual Voicemail,0.06,0.42,Positive
Crossy Road,0.22,0.53,Positive
Crunchyroll - Everything Anime,0.18,0.44,Positive
Current debit card and app made for teens,0.33,0.47,Positive
Curriculum vitae App CV Builder Free Resume Maker,0.39,0.5,Positive
Curso de Ingles Gratis,0.5,0.53,Positive
Cut the Rope 2,0.15,0.54,Positive
Cut the Rope FULL FREE,0.01,0.57,Positive
Cycling - Bike Tracker,0.35,0.62,Positive
"Cymera Camera- Photo Editor, Filter,Collage,Layout",0.42,0.46,Positive
Czech Public Transport IDOS,0.25,0.4,Positive
DC Comics,0.49,0.62,Positive
DC Super Hero Girls‚Ñ¢,0.33,0.57,Positive
DEAD TARGET: FPS Zombie Apocalypse Survival Games,0.07,0.49,Positive
DEER HUNTER 2018,-0.38,0.43,Negative
DELISH KITCHEN - ÁÑ°Êñô„É¨„Ç∑„ÉîÂãïÁîª„ÅßÊñôÁêÜ„ÇíÊ•Ω„Åó„Åè„ÉªÁ∞°Âçò„Å´ÔºÅ,0.39,0.45,Positive
DINO HUNTER: DEADLY SHORES,0.02,0.51,Positive
DIY Garden Ideas,0.44,0.62,Positive
DIY On A Budget,0.45,0.56,Positive
DMV Permit Practice Test 2018 Edition,0.3,0.56,Positive
DRAGON BALL LEGENDS,0.1,0.52,Positive
DSLR Camera Hd Ultra Professional,0.08,0.5,Positive
DStv Now,0.02,0.52,Positive
DU Browser‚ÄîBrowse fast & fun,0.18,0.51,Positive
"DU Recorder ‚Äì Screen Recorder, Video Editor, Live",0.22,0.52,Positive
Daily Workouts - Exercise Fitness Routine Trainer,0.8,0.75,Positive
Daily Yoga - Yoga Fitness Plans,0.26,0.57,Positive
"Dailyhunt (Newshunt) - Latest News, Viral Videos",-0.07,0.55,Negative
Dairy Queen,0.19,0.37,Positive
Daniel Tiger for Parents,0.28,0.51,Positive
DashClock Widget,0.03,0.42,Positive
Dashlane Free Password Manager,0.17,0.54,Positive
"Dating App, Flirt & Chat : W-Match",0.3,0.44,Positive
Dating for 50 plus Mature Singles ‚Äì FINALLY,0.33,0.51,Positive
Daum Mail - Îã§Ïùå Î©îÏùº,0.27,0.37,Positive
Davis's Drug Guide,-0.1,0.53,Negative
Davis's Drug Guide for Nurses,0.31,0.43,Positive
Debonairs Pizza,0.05,0.61,Positive
"Delivery Club‚Äì–î–æ—Å—Ç–∞–≤–∫–∞ –µ–¥—ã:–ø–∏—Ü—Ü–∞,—Å—É—à–∏,–±—É—Ä–≥–µ—Ä,—Å–∞–ª–∞—Ç",0.08,0.34,Positive
Delta Dental,-0.08,0.33,Negative
Despegar.com Hoteles y Vuelos,0.26,0.48,Positive
Detector de Radares Gratis,0.43,0.52,Positive
Device Help,0.1,0.36,Positive
Diabetes & Diet Tracker,0.36,0.57,Positive
Diabetes:M,0.32,0.52,Positive
Diamond Zipper Lock Screen,0.16,0.61,Positive
Diary with lock,0.28,0.57,Positive
Diary with lock password,0.29,0.51,Positive
Dictionary - Merriam-Webster,0.24,0.46,Positive
Die TK-App ‚Äì alles im Griff,0.16,0.53,Positive
Digg,0.04,0.51,Positive
DigiCal Calendar Agenda,0.17,0.51,Positive
Digit Save Money Automatically,0.25,0.4,Positive
Digital Alarm Clock,0.34,0.48,Positive
Dil Mil,-0.06,0.43,Negative
Dino War: Rise of Beasts,0.06,0.45,Positive
Dinosaur Simulator: Dino World,-0.01,0.41,Negative
Discover Mobile,-0.04,0.53,Negative
Disney Heroes: Battle Mode,-0.01,0.36,Negative
Disney Magic Kingdoms: Build Your Own Magical Park,0.09,0.48,Positive
DisneyNOW ‚Äì TV Shows & Games,0.2,0.54,Positive
Divar,0.19,0.49,Positive
Do It Later: Tasks & To-Dos,0.17,0.33,Positive
Docs To Go‚Ñ¢ Free Office Suite,0.21,0.41,Positive
Doctor On Demand,0.39,0.55,Positive
Doctor Pets,0.17,0.51,Positive
Dog Licks Screen Wallpaper,0.23,0.53,Positive
Dog Run - Pet Dog Simulator,0.14,0.51,Positive
Dog Sim Online: Raise a Family,0.18,0.59,Positive
Domino's Pizza USA,0.21,0.5,Positive
Dominos Game ‚úîÔ∏è,0.02,0.33,Positive
"Domofond –ù–µ–¥–≤–∏–∂–∏–º–æ—Å—Ç—å. –ö—É–ø–∏—Ç—å, —Å–Ω—è—Ç—å –∫–≤–∞—Ä—Ç–∏—Ä—É.",0.17,0.45,Positive
Doodle Jump,0.11,0.52,Positive
Door Lock Screen,0.52,0.61,Positive
DoorDash - Food Delivery,0.07,0.44,Positive
Dosecast - Medication Reminder,0.3,0.52,Positive
Down Dog: Great Yoga Anywhere,0.29,0.53,Positive
Dr. Oetker Rezeptideen,0.31,0.49,Positive
Dr. Panda & Toto's Treehouse,0.18,0.53,Positive
Dr. Panda Restaurant 3,-0.1,0.52,Negative
Dr. Panda Town: Vacation,0.09,0.49,Positive
DraftKings - Daily Fantasy Sports,0.31,0.52,Positive
Dragon Hills,0.04,0.55,Positive
Draw A Stickman,-0.15,0.4,Negative
Draw In,-0.13,0.58,Negative
Draw Your Game,-0.67,0.68,Negative
Draw a Stickman: EPIC 2,0.1,0.54,Positive
Drawing for Kids Learning Games for Toddlers age 3,0.39,0.55,Positive
Dream League Soccer 2018,-0.0,0.48,Neutral
DreamTrips,0.37,0.44,Positive
DreamWorks Friends,-0.0,0.48,Neutral
Dresses Ideas & Fashions +3000,0.43,0.56,Positive
Droid Zap by Motorola,-0.04,0.44,Negative
DroidAdmin for Android - Advice,0.13,0.51,Positive
Dropbox,0.24,0.44,Positive
Drugs.com Medication Guide,0.25,0.49,Positive
Dude Perfect 2,0.12,0.54,Positive
Dumb Ways to Die 2: The Games,0.03,0.47,Positive
Dungeon Hunter Champions: Epic Online Action RPG,-0.03,0.49,Negative
Dunkin' Donuts,0.2,0.47,Positive
Duolingo: Learn Languages Free,0.2,0.47,Positive
DuraSpeed,-0.03,0.4,Negative
E*TRADE Mobile,0.15,0.49,Positive
"Easy - taxi, car, ridesharing",0.3,0.45,Positive
Easy Hair Style Design,0.49,0.55,Positive
Easy Healthy Recipes,0.45,0.59,Positive
Easy Installer - Apps On SD,-0.01,0.31,Negative
Easy Makeup Tutorials,0.28,0.42,Positive
Easy Origami Ideas,0.1,0.54,Positive
Easy Recipes,0.27,0.51,Positive
Easy Voice Recorder,0.44,0.57,Positive
EasyBib: Citation Generator,0.07,0.39,Positive
Eat Fit - Diet and Health Free,0.25,0.53,Positive
Eat24 Food Delivery & Takeout,0.17,0.55,Positive
EatStreet Food Delivery App,0.38,0.51,Positive
"Ebates: Cash Back, Coupons, Rewards & Savings",0.23,0.42,Positive
Ebook Reader,0.34,0.58,Positive
Ecobank Mobile Banking,-0.01,0.54,Negative
Edmodo,0.4,0.44,Positive
Educational Games 4 Kids,0.19,0.47,Positive
Educational Games for Kids,0.31,0.51,Positive
El tiempo de AEMET,0.19,0.28,Positive
English with Lingualeo,0.14,0.35,Positive
English-Myanmar Dictionary,0.39,0.4,Positive
Entel,0.02,0.33,Positive
Enterprise Rent-A-Car,0.26,0.6,Positive
Episode - Choose Your Story,0.08,0.48,Positive
Epocrates Plus,0.3,0.52,Positive
Equestria Girls,0.04,0.55,Positive
Essential Anatomy 3,0.23,0.52,Positive
Essential Resources,0.28,0.48,Positive
Etsy: Handmade & Vintage Goods,0.31,0.54,Positive
Etta Homes,0.34,0.5,Positive
Eurosport,0.05,0.43,Positive
"Eve Period Tracker - Love, Sex & Relationships App",0.51,0.5,Positive
"Even - organize your money, get paid early",0.28,0.46,Positive
"Evernote ‚Äì Organizer, Planner for Notes & Memos",0.08,0.52,Positive
Evie Launcher,0.28,0.49,Positive
ExDialer - Dialer & Contacts,0.27,0.5,Positive
"Expedia Hotels, Flights & Car Rental Travel Deals",0.09,0.5,Positive
Expense IQ Money Manager,0.23,0.44,Positive
Experian - Free Credit Report,0.17,0.53,Positive
Extreme Car Driving Simulator,-0.07,0.45,Negative
Extreme Coupon Finder,0.07,0.56,Positive
Extreme Match,0.19,0.47,Positive
Extreme Racing 2 - Real driving RC cars game!,0.02,0.42,Positive
EyeCloud,0.12,0.36,Positive
EyeEm - Camera & Photo Filter,0.34,0.59,Positive
EzCalculator,0.38,0.52,Positive
FBReader: Favorite Book Reader,0.28,0.47,Positive
FERZU - Furries Social Network,0.08,0.49,Positive
"FIFA - Tournaments, Soccer News & Live Scores",0.07,0.44,Positive
FINAL FANTASY BRAVE EXVIUS,0.07,0.53,Positive
FOSSIL Q: DESIGN YOUR DIAL,0.24,0.33,Positive
FOX,0.21,0.46,Positive
FOX NOW - On Demand & Live TV,0.05,0.49,Positive
"FOX Sports: Live Streaming, Scores & News",0.31,0.52,Positive
FREEDOME VPN Unlimited anonymous Wifi Security,0.31,0.35,Positive
"FUN Keyboard ‚Äì Emoji Keyboard, Sticker,Theme & GIF",0.26,0.34,Positive
"Fabulous: Motivate Me! Meditate, Relax, Sleep",0.19,0.53,Positive
"Face Filter, Selfie Editor - Sweet Camera",0.19,0.59,Positive
Facebook,-0.01,0.46,Negative
Facebook Ads Manager,0.2,0.32,Positive
Facebook Lite,-0.0,0.46,Neutral
Facebook Local,0.13,0.44,Positive
Facebook Pages Manager,-0.06,0.44,Negative
Facetune - Ad Free,0.43,0.56,Positive
Fake Call - Fake Caller ID,0.3,0.49,Positive
Fallout Shelter,0.17,0.51,Positive
Family Album Mitene: Private Photo & Video Sharing,0.43,0.63,Positive
Family Dollar,0.25,0.45,Positive
Family GPS Tracker and Chat + Baby Monitor Online,0.42,0.55,Positive
Family GPS tracker KidControl + GPS by SMS Locator,0.21,0.52,Positive
Family Locator - GPS Tracker,0.36,0.54,Positive
FamilySearch Tree,0.21,0.44,Positive
FanDuel: Daily Fantasy Sports,0.29,0.47,Positive
Fancy Widgets,0.21,0.55,Positive
Fandango Movies - Times + Tickets,0.14,0.52,Positive
Fantasy Football,0.06,0.41,Positive
Fantasy Football & NFL News,0.42,0.57,Positive
Fantasy Football Manager (FPL),0.3,0.52,Positive
Farm Fruit Pop: Party Time,0.17,0.47,Positive
Farm Heroes Saga,-0.01,0.44,Negative
Farming Simulator 14,0.06,0.49,Positive
Farming Simulator 18,0.06,0.49,Positive
Fashion in Vogue,0.06,0.35,Positive
Fast News,0.35,0.6,Positive
Fast Scanner : Free PDF Scan,0.31,0.43,Positive
Fast Secure VPN,0.18,0.42,Positive
"FastMeet: Chat, Dating, Love",0.34,0.52,Positive
Fat Burning Workout - Home Weight lose,0.18,0.55,Positive
Fate/Grand Order (English),0.06,0.53,Positive
FidMe Loyalty Cards & Deals at Grocery Supermarket,0.22,0.41,Positive
File Browser by Astro (File Manager),0.11,0.45,Positive
File Explorer,0.26,0.46,Positive
File Manager,0.06,0.31,Positive
File Manager -- Take Command of Your Files Easily,0.21,0.36,Positive
Files Go by Google: Free up space on your phone,0.13,0.52,Positive
FilterGrid - Cam&Photo Editor,0.09,0.53,Positive
Filters for B Live,0.17,0.4,Positive
Filters for Selfie,0.1,0.53,Positive
Final Fantasy XV: A New Empire,-0.02,0.51,Negative
Financial Times,0.18,0.47,Positive
Find Dining Restaurant Finder,0.34,0.48,Positive
Find a Way: Addictive Puzzle,0.07,0.59,Positive
Find&Save - Local Shopping,0.09,0.38,Positive
FindShip,0.1,0.41,Positive
Firefox Browser fast & private,0.11,0.52,Positive
Firefox Focus: The privacy browser,0.21,0.55,Positive
Fishdom,0.06,0.56,Positive
Fitbit,0.25,0.58,Positive
Flashlight,0.41,0.61,Positive
Flashlight & LED Torch,0.25,0.26,Positive
Flashlight - Torch LED Light,0.4,0.54,Positive
Flashlight HD LED,0.45,0.64,Positive
Flickr,0.18,0.44,Positive
Flight & Hotel Booking App - ixigo,0.34,0.52,Positive
Flightradar24 Flight Tracker,0.2,0.48,Positive
Flights,0.14,0.4,Positive
Flip the Gun - Simulator Game,-0.01,0.47,Negative
FlipaClip - Cartoon animation,0.41,0.68,Positive
Flipboard: News For Our Time,0.39,0.43,Positive
Flipkart Online Shopping App,0.29,0.48,Positive
Flipp - Weekly Shopping,0.32,0.56,Positive
Flippy Campus - Buy & sell on campus at a discount,0.4,0.49,Positive
FlirtChat - ‚ô•Free Dating/Flirting App‚ô•,0.42,0.51,Positive
Floor Plan Creator,0.26,0.47,Positive
Flow Free,0.07,0.52,Positive
Flowers Live Wallpaper,0.21,0.57,Positive
Fly Delta,0.14,0.46,Positive
FollowMyHealth¬Æ,0.19,0.48,Positive
Font Studio- Photo Texts Image,0.08,0.52,Positive
Food Calorie Calculator,0.1,0.45,Positive
Food Network,0.03,0.44,Positive
Fooducate Healthy Weight Loss & Calorie Counter,0.35,0.5,Positive
"Foot Mercato : transferts, r√©sultats, news, live",0.36,0.47,Positive
Football Live Scores,0.41,0.53,Positive
ForecaWeather,0.36,0.51,Positive
Fortune City - A Finance App,0.27,0.46,Positive
Four In A Line,0.27,0.55,Positive
Four In A Line Free,0.2,0.49,Positive
Foursquare City Guide,0.2,0.42,Positive
Foursquare Swarm: Check In,-0.06,0.42,Negative
Fox Business,0.09,0.5,Positive
"Fox News ‚Äì Breaking News, Live Video & News Alerts",0.02,0.5,Positive
Fraction Calculator Plus Free,0.37,0.56,Positive
Free & Premium VPN - FinchVPN,0.22,0.48,Positive
Free Dating & Flirt Chat - Choice of Love,0.03,0.36,Positive
Free Dating App & Flirt Chat - Cheers,0.3,0.48,Positive
Free Dating App & Flirt Chat - Match with Singles,0.34,0.58,Positive
Free Dating App - Meet Local Singles - Flirt Chat,-0.05,0.56,Negative
"Free Dating App - YoCutie - Flirt, Chat & Meet",0.12,0.45,Positive
Free Dating Hook Up Messenger,0.15,0.52,Positive
Free Foreclosure Real Estate Search by USHUD.com,-0.04,0.44,Negative
Free Hypnosis,0.28,0.49,Positive
Free Live Talk-Video Call,-0.1,0.1,Negative
Free Panda Radio Music,0.25,0.27,Positive
Free Sports TV,0.17,0.51,Positive
"Free TV Shows App:News, TV Series, Episode, Movies",0.27,0.59,Positive
Free VIN Report for Used Cars,0.31,0.49,Positive
Free live weather on screen,0.39,0.52,Positive
"Free phone calls, free texting SMS on free number",0.23,0.52,Positive
FreePrints ‚Äì Free Photos Delivered,0.45,0.63,Positive
Freeletics: Personal Trainer & Fitness Workouts,0.27,0.46,Positive
Freeme Launcher‚ÄîStylish Theme,0.32,0.48,Positive
Fresh EBT - Food Stamp Balance,0.16,0.42,Positive
FreshBooks Classic,0.1,0.47,Positive
Frontback - Social Photos,0.21,0.46,Positive
Frozen Free Fall,0.06,0.51,Positive
Fruit Block - Puzzle Legend,-0.18,0.38,Negative
Fruit Ninja¬Æ,0.15,0.49,Positive
Fruits Bomb,0.21,0.53,Positive
Fuelio: Gas log & costs,0.44,0.53,Positive
Full Screen Caller ID,0.35,0.48,Positive
Fun Kid Racing,0.27,0.52,Positive
Fun Kid Racing - Motocross,0.19,0.51,Positive
Funny Alarm Clock Ringtones,0.11,0.6,Positive
Funny Pics,0.15,0.57,Positive
Fuzzy Seasons: Animal Forest,0.17,0.58,Positive
G Cloud Backup,0.28,0.57,Positive
GANMA! - „Ç™„É™„Ç∏„Éä„É´Êº´Áîª„ÅåÂÖ®Ë©±ÁÑ°Êñô„ÅßË™≠„ÅøÊîæÈ°å,0.29,0.48,Positive
"GCash - Buy Load, Pay Bills, Send Money",0.03,0.38,Positive
GMAT Math Flashcards,0.41,0.55,Positive
GMAT Question Bank,0.27,0.47,Positive
GMX Mail,0.34,0.54,Positive
"GO Keyboard - Cute Emojis, Themes and GIFs",0.22,0.31,Positive
"GO Keyboard - Emoticon keyboard, Free Theme, GIF",0.31,0.5,Positive
GO Notifier,0.07,0.42,Positive
"GO SMS Pro - Messenger, Free Themes, Emoji",0.2,0.44,Positive
"GO Weather - Widget, Theme, Wallpaper, Efficient",0.33,0.44,Positive
GPS Map Free,0.7,0.6,Positive
GPS Speedometer and Odometer,0.69,0.65,Positive
"GPS Speedometer, Distance Meter",0.37,0.6,Positive
GPS Status & Toolbox,0.4,0.4,Positive
GPS Traffic Speedcam Route Planner by ViaMichelin,0.27,0.46,Positive
GRE Flashcards,0.26,0.52,Positive
GRE Prep & Practice by Magoosh,0.39,0.48,Positive
GRE Tutor,0.41,0.57,Positive
GS SHOP,0.24,0.35,Positive
GUNSHIP BATTLE: Helicopter 3D,0.02,0.46,Positive
Galactic Core Free Wallpaper,0.25,0.66,Positive
Galaxy Attack: Alien Shooter,0.08,0.47,Positive
Game of Thrones: Conquest‚Ñ¢,0.2,0.45,Positive
"Gametime - Tickets to Sports, Concerts, Theater",0.38,0.57,Positive
Garden Coloring Book,0.27,0.52,Positive
Garden Fruit Legend,0.24,0.58,Positive
Garden Photo Frames - Garden Photo Editor,0.34,0.49,Positive
Gardenscapes,0.02,0.5,Positive
Garena Free Fire,0.07,0.49,Positive
Garmin Connect‚Ñ¢,0.15,0.49,Positive
GasBuddy: Find Cheap Gas,0.27,0.5,Positive
Gay Sugar Daddy Dating & Hookup ‚Äì Sudy Gay,0.2,0.64,Positive
Gboard - the Google Keyboard,0.06,0.52,Positive
Gems or jewels ?,0.14,0.44,Positive
Genius Scan - PDF Scanner,0.24,0.52,Positive
Gmail,0.07,0.47,Positive
GoBank,0.04,0.53,Positive
GoPro (formerly Capture),-0.01,0.46,Negative
Goal Live Scores,0.18,0.51,Positive
Goibibo - Flight Hotel Bus Car IRCTC Booking App,0.41,0.56,Positive
Goku Wallpaper Art,0.46,0.52,Positive
Gold Butterfly Keyboard Theme,0.43,0.6,Positive
Golden Dictionary (EN-AR),0.34,0.49,Positive
Golden Launcher,0.51,0.59,Positive
Goldstar: Live Event Tickets,0.55,0.64,Positive
Golf Channel,-0.03,0.46,Negative
Golf GPS Rangefinder: Golf Pad,0.27,0.56,Positive
Golf GPS by SwingxSwing,0.2,0.46,Positive
GolfLogix GPS + Putt Breaks,-0.08,0.45,Negative
"GolfNow: Tee Time Deals at Golf Courses, Golf GPS",0.17,0.5,Positive
Golfshot Plus: Golf GPS,0.39,0.48,Positive
Golfshot: Golf GPS + Tee Times,0.34,0.46,Positive
GoodRx Drug Prices and Coupons,0.25,0.45,Positive
Google,0.26,0.49,Positive
Google Ads,0.14,0.43,Positive
Google Duo - High Quality Video Calls,0.29,0.5,Positive
Google Earth,0.09,0.46,Positive
Google Fit - Fitness Tracking,0.13,0.48,Positive
Google Handwriting Input,0.25,0.39,Positive
Google Keep,0.1,0.49,Positive
Google My Business,0.27,0.45,Positive
Google News,0.09,0.5,Positive
Google PDF Viewer,0.1,0.44,Positive
Google Pay,0.12,0.51,Positive
Google Photos,0.15,0.5,Positive
Google Primer,0.75,0.68,Positive
Google Slides,0.93,0.92,Positive
Google Street View,-0.5,0.69,Negative
Google Translate,0.21,0.49,Positive
Google Trips - Travel Planner,0.3,0.0,Positive
Google Voice,0.15,0.2,Positive
Google+,0.37,0.47,Positive
Granny,0.06,0.56,Positive
Graphing Calculator,0.25,0.46,Positive
Grim Soul: Dark Fantasy Survival,0.05,0.5,Positive
Groovebook Photo Books & Gifts,0.16,0.51,Positive
GroupMe,0.12,0.52,Positive
"Groupon - Shop Deals, Discounts & Coupons",0.29,0.47,Positive
Grubhub: Food Delivery,0.12,0.47,Positive
Guns of Glory,-0.14,0.54,Negative
Gyft - Mobile Gift Card Wallet,-0.03,0.53,Negative
H Pack,0.11,0.38,Positive
H TV,0.3,0.41,Positive
H&M,0.02,0.58,Positive
HBO GO: Stream with TV Package,-0.06,0.52,Negative
HD Camera,0.0,0.0,Neutral
HD Camera - Best Cam with filters & panorama,0.22,0.59,Positive
HD Camera - Quick Snap Photo & Video,0.46,0.58,Positive
HD Camera Pro for Android,0.08,0.61,Positive
HD Camera Ultra,0.15,0.57,Positive
HD Camera for Android,0.38,0.55,Positive
HD Movie Video Player,0.19,0.57,Positive
HD Video Player,0.2,0.44,Positive
HD Widgets,0.18,0.51,Positive
HDFC Bank MobileBanking,0.11,0.51,Positive
HESI A2 Pocket Prep,0.38,0.47,Positive
HISTORY: Watch TV Show Full Episodes & Specials,0.21,0.52,Positive
HTC Calendar,-0.04,0.69,Negative
HTC File Manager,0.09,0.26,Positive
HTC Gallery,0.03,0.44,Positive
HTC Help,0.11,0.35,Positive
HTC Lock Screen,0.03,0.45,Positive
HTC Mail,0.08,0.43,Positive
HTC Sense Input,0.02,0.42,Positive
HTC Sense Input-AR,0.29,0.42,Positive
HTC Service Ôºç DLNA,0.02,0.45,Positive
HTC Service‚ÄîVideo Player,0.03,0.48,Positive
HTC Social Plugin - Facebook,-0.05,0.49,Negative
HTC Speak,0.0,0.33,Neutral
HTC Weather,0.07,0.45,Positive
Hacker's Keyboard,0.26,0.58,Positive
Hairstyles step by step,0.47,0.59,Positive
Hamilton ‚Äî The Official App,0.16,0.44,Positive
Hangouts,0.25,0.53,Positive
Happify,0.22,0.34,Positive
Happy Birthday Songs Offline,0.36,0.63,Positive
Happy Fruits Bomb - Cube Blast,0.02,0.45,Positive
Happy Street,0.05,0.51,Positive
Harkins Theatres,0.09,0.49,Positive
Harry Potter: Hogwarts Mystery,0.06,0.49,Positive
HauteLook,0.17,0.49,Positive
Hay Day,0.02,0.5,Positive
Haystack TV: Local & World News - Free,0.53,0.55,Positive
Headspace: Meditation & Mindfulness,0.23,0.42,Positive
Health and Nutrition Guide,0.39,0.52,Positive
HealtheLife,0.06,0.36,Positive
Healthy Recipes Free,0.4,0.53,Positive
Helix Jump,0.1,0.49,Positive
Hello Kitty Lunchbox,-0.05,0.56,Negative
Hello Kitty Nail Salon,0.06,0.52,Positive
Hello Stars,0.17,0.5,Positive
"HelloTalk ‚Äî Chat, Speak & Learn Foreign Languages",0.2,0.65,Positive
Hero Hunters,-0.02,0.51,Negative
"Herpes Dating: 1,000K+ Singles",0.17,0.47,Positive
Herpes Positive Singles Dating,0.31,0.53,Positive
"Hide App, Private Dating, Safe Chat - PrivacyHider",-0.07,0.46,Negative
"Hide Something - Photo, Video",0.24,0.51,Positive
Hideman VPN,0.12,0.4,Positive
High Blood Pressure Symptoms,0.42,0.57,Positive
High-Powered Flashlight,0.34,0.51,Positive
"High-Speed Camera (GIF,Burst)",0.35,0.4,Positive
Hill Climb Racing,0.09,0.5,Positive
Hill Climb Racing 2,0.16,0.48,Positive
"Hily: Dating, Chat, Match, Meet & Hook up",0.03,0.56,Positive
Hinge: Dating & Relationships,0.16,0.5,Positive
HipChat - Chat Built for Teams,-0.04,0.37,Negative
Hipmunk Hotels & Flights,0.55,0.62,Positive
Hitwe - meet people and chat,-0.14,0.69,Negative
"Hole19: Golf GPS App, Rangefinder & Scorecard",0.44,0.61,Positive
Home Decor Showpiece Art making: Medium Difficulty,0.19,0.63,Positive
Home Scouting¬Æ MLS Mobile,0.09,0.37,Positive
Home Security Camera WardenCam - reuse old phones,0.2,0.49,Positive
Home Street ‚Äì Home Design Game,0.12,0.54,Positive
Home Workout - No Equipment,0.34,0.56,Positive
Home Workout for Men - Bodybuilding,0.52,0.47,Positive
"Home workouts - fat burning, abs, legs, arms,chest",0.45,0.6,Positive
HomeWork,1.0,0.3,Positive
"Homes.com üè† For Sale, Rent",0.24,0.44,Positive
Homescapes,0.04,0.52,Positive
Homesnap Real Estate & Rentals,0.28,0.48,Positive
Homestyler Interior Design & Decorating Ideas,0.18,0.47,Positive
Homework Planner,0.28,0.53,Positive
Honkai Impact 3rd,0.1,0.52,Positive
Hopper - Watch & Book Flights,0.18,0.48,Positive
Horoscopes ‚Äì Daily Zodiac Horoscope and Astrology,0.26,0.41,Positive
Horses Live Wallpaper,0.35,0.51,Positive
Hostelworld: Hostels & Cheap Hotels Travel App,0.25,0.58,Positive
Hot Wheels: Race Off,-0.01,0.49,Negative
HotelTonight: Book amazing deals at great hotels,0.33,0.55,Positive
Hotels Combined - Cheap deals,0.16,0.35,Positive
Hotels.com: Book Hotel Rooms & Find Vacation Deals,0.1,0.55,Positive
Hotspot Shield Free VPN Proxy & Wi-Fi Security,0.25,0.39,Positive
Hotstar,0.04,0.49,Positive
Hotwire Hotel & Car Rental App,0.19,0.46,Positive
Housing-Real Estate & Property,-0.02,0.38,Negative
